n,time_seconds,ops_count,note
1,2.00001522898674e-07,0,
10,1.600012183189392e-06,10,
100,1.2699980288743973e-05,100,
1000,0.00018780003301799297,1000,
10000,0.0019425000064074993,10000,
100000,0.02410999988205731,100000,
1000000,0.2156892002094537,1000000,
