n,time_seconds,ops_count,note
1,2.400018274784088e-06,2,
10,1.119985245168209e-05,120,
100,0.0016029998660087585,17850,
1000,0.12817299994640052,2505000,
10000,,,Demasiado costoso (O(n^2 log n)).
100000,,,Demasiado costoso (O(n^2 log n)).
1000000,,,Demasiado costoso (O(n^2 log n)).
